5808336a-a314-4a93-abb6-e2a15afb2782,e4230e15-cfc9-4f30-9b9c-f60552e50a6b
5808336a-a314-4a93-abb6-e2a15afb2782,0ad68033-7ae4-4234-82cb-d909ac6d8847
5808336a-a314-4a93-abb6-e2a15afb2782,c84749c7-f3de-4933-92ec-a36bbec93373
61cb8834-de11-456a-ab42-61865381ee53,7b95b30a-b52f-430c-9c46-785f6d3a6688
61cb8834-de11-456a-ab42-61865381ee53,0ad68033-7ae4-4234-82cb-d909ac6d8847
e1a32981-8ea5-4aab-98c9-c49be6ed3c9b,0ad68033-7ae4-4234-82cb-d909ac6d8847
e1a32981-8ea5-4aab-98c9-c49be6ed3c9b,e4230e15-cfc9-4f30-9b9c-f60552e50a6b
e1a32981-8ea5-4aab-98c9-c49be6ed3c9b,5340f2b5-e5b4-4f1c-ad0f-6a10bcf9b573
ce853909-b227-4348-9dcd-c4008d79f8ce,633e8c00-935c-4b17-a914-bada878249aa
ce853909-b227-4348-9dcd-c4008d79f8ce,e4230e15-cfc9-4f30-9b9c-f60552e50a6b
ce853909-b227-4348-9dcd-c4008d79f8ce,ccaba37d-10a2-4399-b537-c3c4a5e3f545
c5be966d-ff3e-46c4-95fd-31a979545f8c,633e8c00-935c-4b17-a914-bada878249aa
c5be966d-ff3e-46c4-95fd-31a979545f8c,ccaba37d-10a2-4399-b537-c3c4a5e3f545
687dca6b-8ab7-41a1-94da-59d6745a29c6,e4230e15-cfc9-4f30-9b9c-f60552e50a6b
6aa9abfb-a9bb-43f1-8bcf-302b6cfcb7d7,3b7ed5fe-f2fb-4714-b6cf-1a1566208e0b
8ac15953-697a-40bd-a2de-03096c54dd95,ccaba37d-10a2-4399-b537-c3c4a5e3f545
8ac15953-697a-40bd-a2de-03096c54dd95,02c8b9f8-598f-46b8-b890-ccdecb073e37
8ac15953-697a-40bd-a2de-03096c54dd95,e4230e15-cfc9-4f30-9b9c-f60552e50a6b
6d61bdde-d6be-4971-a9de-c07ccda5586c,3b7ed5fe-f2fb-4714-b6cf-1a1566208e0b
6d61bdde-d6be-4971-a9de-c07ccda5586c,0ad68033-7ae4-4234-82cb-d909ac6d8847
6d61bdde-d6be-4971-a9de-c07ccda5586c,ccaba37d-10a2-4399-b537-c3c4a5e3f545
5e28dbd2-19c2-4e40-a7b9-4c7013f95344,5340f2b5-e5b4-4f1c-ad0f-6a10bcf9b573
